url,watch,star,name,folk
https://github.com/Mitscherlich/hexo-theme-amber,2,35,Amber,11
https://github.com/yelog/hexo-theme-3-hexo,19,257,3-hexo,116
https://github.com/klugjo/hexo-theme-alpha-dust,13,246,AlphaDust,78
https://github.com/Ben02/hexo-theme-Anatole,16,519,Anatole,114
https://github.com/aircloud/hexo-theme-aircloud,5,329,AirCloud,96
https://github.com/mulder21c/hexo-theme-amorfati,1,9,Amorfati,3
https://github.com/henryhuang/hexo-theme-aloha,5,63,Aloha,23
https://github.com/haojen/hexo-theme-Anisina,25,716,Anisina,158
https://github.com/shuiRong/hexo-theme-Ada,2,25,Ada,9
https://github.com/levblanc/hexo-theme-aero-dual,6,147,Aero-Dual,51
https://github.com/Hanlin-Dong/hexo-theme-adagio,2,11,Adagio,2
https://github.com/lewis-geek/hexo-theme-Aath,10,148,Aath,25
https://github.com/shinux/hexo-theme-adoubi,1,33,Adoubi,10
https://github.com/iGuan7u/Acetolog,2,2,AcetoLog,0
https://github.com/reumia/hexo-theme-zzoman2015,1,11,zzoman2015,8
https://github.com/wa-ri/hexo-theme-ztopic,2,15,ztopic,4
https://github.com/izhaoo/hexo-theme-zhaoo,1,4,zhaoo,1
https://github.com/lizehongss/hexo-theme-zhl,0,2,zhl,0
https://github.com/blleng/hexo-theme-lx,3,11,Aa-Lx,0
https://github.com/loveminimal/hexo-theme-zero,1,13,zero,0
https://github.com/smallyunet/hexo-theme-yinwang,0,13,yinwang,5
https://github.com/mickeyouyou/yinwang,7,113,yinwang,20
https://github.com/DrakeLeung/hexo-theme-again,11,101,Again,39
https://github.com/fooying/hexo-theme-xoxo-plus,3,6,xoxo-plus,2
https://github.com/yanchangyou/blog.321zou.com,1,3,yanchangyou,1
https://github.com/voezy/hexo-theme-wind,1,14,wind,1
https://github.com/xcatliu/hexo-theme-wiki-i18n,3,25,wiki-i18n,3
https://github.com/justpsvm/hexo-theme-varaint,11,151,varaint,34
https://github.com/GeekaholicLin/hexo-theme-ylion,7,99,ylion,29
https://github.com/tomotoes/hexo-theme-tomotoes,3,230,tomotoes,38
https://github.com/Troy-Yang/hexo-theme-twentyfifteen-wordpress,2,18,twentyfifteen-wordpress,6
https://github.com/smallyunet/hexo-theme-syefe,0,1,syefe,1
https://github.com/liuyib/hexo-theme-stun,2,42,stun,7
https://github.com/JeremyFan/hexo-theme-still,1,13,still,5
https://github.com/livingos/hexo-theme-strata,3,21,strata,6
https://github.com/Litreily/hexo-theme-snark,1,20,snark,4
https://github.com/jysperm/hexo-theme-simpleblock,4,54,simpleblock,9
https://github.com/mitsuruog/hexo-theme-simple-japanese,0,14,simple-japanese,4
https://github.com/bojan88/hexo-theme-simperlog,3,1,simperlog,0
https://github.com/Sam618/hexo-theme-sam,0,11,sam,2
https://github.com/bluemix/hexo-theme-rexo,1,4,rexo,110
https://github.com/cofess/hexo-theme-pure,16,517,pure,157
https://github.com/yunfeihe/simple-black,0,1,simple-black,0
https://github.com/bbbbx/hexo-theme-smash,0,1,smash,0
https://github.com/jonashao/hexo-theme-pteris,3,12,pteris,3
https://github.com/lyndonoc/hexo-theme-pandollo,2,7,pandollo,2
https://github.com/zhangolve/hexo-theme-olive,3,13,olive,1
https://github.com/jbreckmckye/hexo-theme-octo,0,20,octo,6
https://github.com/Suolawangzai/hexo-theme-nebula,2,0,nebula,3
https://github.com/lazzzis/hexo-theme-mls,1,6,mls,0
https://github.com/Orange-way/hexo-theme-orange,0,5,orange,0
https://github.com/kevinjobs/hexo-theme-mintin,0,3,mintin,1
https://github.com/problem233/hexo-theme-mono,1,0,mono,0
https://github.com/hexojs/hexo-theme-phase,25,88,phase,27
https://github.com/codefine/hexo-theme-mellow,7,131,mellow,25
https://github.com/Halyul/hexo-theme-mdui,6,130,mdui,21
https://github.com/hexojs/hexo-theme-light,30,288,light,171
https://github.com/hexojs/hexo-theme-landscape,26,202,landscape,331
https://github.com/iHongRen/legend,1,14,legend,4
https://github.com/yscoder/hexo-theme-indigo,73,2476,indigo,534
https://github.com/ghaseminya/hexo-theme-icarus_rtl_jalaali,1,13,icarus-rtl-jalaali,980
https://github.com/nameoverflow/hexo-theme-icalm,3,77,icalm,20
https://github.com/hejianxian/hexo-theme-jane,2,95,jane,17
https://github.com/CaiChenghan/iLiKE,1,6,iLiKE,1
https://github.com/microacup/hexo-theme-micorb,2,30,microb,2
https://github.com/XadillaX/hexadillax,5,63,hexadillax,18
https://github.com/ZEROKISEKI/hexo-theme-gal,11,239,gal,65
https://github.com/homeant/hexo-theme-fun,1,2,fun,0
https://github.com/wayou/hexo-theme-gstyle,6,46,gstyle,12
https://github.com/jaywcjlove/hexoThemeKacper,5,34,hexoThemeKacper,10
https://github.com/voyax/hexo-theme-ele,1,9,ele,2
https://github.com/zchen9/hexo-theme-hollow,5,148,hollow,27
https://github.com/miiiku/flex-block,2,49,flex-block,10
https://github.com/wd/hexo-fabric,2,6,fabric,1
https://github.com/Ruffianjiang/hexo-theme-dawn,2,14,dawn,157
https://github.com/niemingzhao/niemingzhao.github.io/tree/theme,2,9,default,9
https://github.com/qutang/hexo-theme-cutie,6,73,cutie,25
https://github.com/gary-Shen/hexo-theme-curry,1,52,curry,9
https://github.com/zalando-incubator/hexo-theme-doc,11,187,doc,40
https://github.com/objectyan/hexo-theme-hannah.git,1,16,hannah,4
https://github.com/xrr2016/hexo-theme-cold-stone,2,101,cold-stone,8
https://github.com/codeteenager/hexo-theme-codeteenager,1,3,codeteenager,0
https://github.com/fiatjaf/classless-hexo,2,7,classless,1
https://github.com/howardliu-cn/hexo-theme-clean-dark,1,2,clean-dark,1
https://github.com/ZEROKISEKI/hexo-theme-cube,1,47,cube,21
https://github.com/littlewin-wang/hexo-theme-casual,1,50,casual,14
https://github.com/icylogic/carbon,5,39,carbon,11
https://github.com/tiaanduplessis/hexo-theme-brewski,0,55,brewski,14
https://github.com/bulandent/hexo-theme-bubuzou,3,86,bubuzou,34
https://github.com/maochunguang/black-blue,8,132,black-blue,46
https://github.com/52binge/hexo-theme-blairos,1,6,blairos,5
https://github.com/twoyao/beautiful-hexo,1,53,beautiful-hexo,33
https://github.com/th720309/hexo-theme-believe,6,85,believe,11
https://github.com/HmyBmny/hexo-theme-concise,1,15,concise,5
https://github.com/yudaren007007/hexo-theme-cold,1,2,cold,0
https://github.com/wwwuxt/hexo-theme-artemisX,1,5,artemisX,1
https://github.com/Dreyer/hexo-theme-artemis,1,34,artemis,15
https://github.com/TongchengQiu/hexo-theme-another,1,82,another,15
https://github.com/Yin-Hongwei/hexo-theme-Yin,0,1,Yin,1
https://github.com/MOxFIVE/hexo-theme-yelee,66,1355,Yelee,2301
https://github.com/jangdelong/hexo-theme-xups,8,90,Xups,41
https://github.com/KevinOfNeu/hexo-theme-xoxo,1,113,XOXO,22
https://github.com/JoeyBling/hexo-theme-yilia-plus,5,161,Yilia-plus,35
https://github.com/XadillaX/hexo-xnew,1,17,X'new,3
https://github.com/wzpan/hexo-theme-wixo,13,130,Wixo,38
https://github.com/Youthink/hexo-themes-yearn,4,23,Yearn,4
https://github.com/zthxxx/hexo-theme-Wikitten,11,418,Wikitten,94
https://github.com/shixiaohu2206/hexo-theme-utone,0,16,Utone,1
https://github.com/snovey/hexo-theme-vanilla,0,1,Vanilla,1
https://github.com/geekplux/hexo-theme-typing,5,228,Typing,50
https://github.com/SumiMakito/hexo-theme-typography,5,209,Typography,49
https://github.com/yanm1ng/hexo-theme-vexo,12,475,Vexo,110
https://github.com/artchen/hexo-theme-typescript,5,148,Typescript,21
https://github.com/zjx137/hexo-theme-Tsu,1,4,Tsu,0
https://github.com/lotabout/very-simple,9,131,Very-Simple,41
https://github.com/philippkeller/hexo-theme-twbootstrap,0,7,Twitter Bootstrap,171
https://github.com/Vevlins/hexo-theme-toki,4,42,Toki,6
https://github.com/moumao/hexo-theme-Vateral,7,129,Vateral,32
https://github.com/guxuelong/hexo-theme-technology/,1,5,Technology,8
https://github.com/lazysheep666/terminal_theme,1,50,Terminal,8
https://github.com/SuperKieran/TKL,27,553,TKL,177
https://github.com/meethigher/hexo-theme-starry,1,2,Starry,0
https://github.com/markyong/hexo-theme-stage,0,4,Stage,3
https://github.com/LouisBarranqueiro/tranquilpeak-hexo-theme,54,1576,Tranquilpeak,468
https://github.com/azigler/hexo-theme-space-cadet,1,3,Space Cadet,1
https://github.com/tzvetkov75/solar-theme-hexo/,4,57,Solar,11
https://github.com/WinMin/Sw-blog,3,26,Sw-blog,9
https://github.com/NHibiki/hexo-theme-slice,1,8,Slice,1
https://github.com/callmesoul/hexo-theme-soul/tree/master,1,1,Soul,0
https://github.com/iJinxin/hexo-theme-sky,1,42,Sky,11
https://github.com/dnxbf321/hexo-theme-simplest,5,23,Simplest,6
https://github.com/ShanaMaid/hexo-theme-shana,4,152,Shana,29
https://github.com/chunqiuyiyu/hexo-theme-samljen,2,11,Samljen,3
https://github.com/winnerweb/hexo-theme-smackdown,3,122,Smackdown,25
https://github.com/hpcslag/hexo-theme-siberia,1,1,Siberia,0
https://github.com/honjun/hexo-theme-sakura,14,305,Sakura,101
https://github.com/Mrminfive/hexo-theme-skapp,16,433,Skapp,116
https://github.com/chuguixin/Simple,3,12,Simple,7
https://github.com/xaoxuu/hexo-theme-resume,1,27,Resume,11
https://github.com/maliMirkec/hexo-theme-sb,1,1,SB,1
https://github.com/sabrinaluo/hexo-theme-replica,7,441,Replica,56
https://github.com/NoahDragon/hexo-theme-react,1,53,React,17
https://github.com/raytaylorlin/hexo-theme-raytaylorism,28,456,Raytaylorism,122
https://github.com/geekrainy/hexo-theme-purely,1,4,Purely,5
https://github.com/AngryPowman/hexo-theme-prontera,4,58,Prontera,19
https://github.com/yiliashaw/hexo-theme-prince,1,32,Prince,9
https://github.com/justpsvm/hexo-theme-primer,2,117,Primer,24
https://github.com/stiekel/hexo-theme-random,10,174,Random,49
https://github.com/cheng-kang/hexo-theme-qna,1,15,QnA,5
https://github.com/chunqiuyiyu/hexo-theme-polk,3,48,Polk,9
https://github.com/frostfan/hexo-theme-polarbear,12,251,PolarBear,51
https://github.com/klugjo/hexo-theme-phantom,7,198,Phantom,55
https://github.com/sun11/hexo-theme-paperbox,5,69,Paperbox,28
https://github.com/gaoryrt/hexo-theme-pln,7,145,Pln,34
https://github.com/lazzzis/hexo-theme-only,1,26,Only,6
https://github.com/HyunSeob/hexo-theme-overdose,1,135,Overdose,39
https://github.com/ochukai/hexo-theme-ochuunn,6,184,Ochuunn,42
https://github.com/EYHN/hexo-theme-one,26,512,One,59
https://github.com/henryhuang/oishi,6,54,Oishi,18
https://github.com/Chorer/hexo-theme-PureBlue,0,40,PureBlue,1
https://github.com/OfficialYoungX/paper,1,16,Paper,3
https://github.com/lotabout/hexo-theme-noise,3,70,Noise,13
https://github.com/Jamling/hexo-theme-nova,4,38,Nova,19
https://github.com/ColMugX/hexo-theme-Nlvi,6,175,Nlvi,20
https://github.com/zhwangart/hexo-theme-ocean,3,261,Ocean,50
https://github.com/xwartz/hexo-theme-nuna,2,56,Nuna,11
https://github.com/yzzting/hexo-theme-MyFairLady,3,31,MyFairLady,8
https://github.com/hpcslag/hexo-theme-morgan,2,13,Morgan,4
https://github.com/theme-next/hexo-theme-next,93,4683,NexT,1445
https://github.com/Lemonreds/hexo-theme-Nayo,4,168,Nayo,20
https://github.com/tomap/hexo-theme-minidyne,1,1,Minidyne,1
https://github.com/ppoffice/hexo-theme-minos,20,525,Minos,167
https://github.com/miccall/hexo-theme-Mic_Theme,6,301,MiccallTheme,79
https://github.com/Molunerfinn/hexo-theme-melody,21,966,Melody,141
https://github.com/nexmoe/hexo-theme-nexmoe,7,358,Nexmoe,43
https://github.com/WongMinHo/hexo-theme-miho,9,184,MiHo,101
https://github.com/TonyChenn/mdm,0,5,Mdm,0
https://github.com/HoverBaum/meilidu-hexo,3,69,MeiliDu,9
https://github.com/tufu9441/maupassant-hexo,62,2128,Maupassant,644
https://github.com/stkevintan/hexo-theme-material-flow,11,250,MaterialFlow,73
https://github.com/shijuuu/hexo-theme-mokusei,1,4,Mokusei,1
https://github.com/nanqinlang/hexo-theme-Minami,2,1,Minami,1
https://github.com/blinkfox/hexo-theme-matery,47,1469,Matery,364
https://github.com/mango-tree/hexo-theme-mango,1,7,Mango,0
https://github.com/HeskeyBaozi/hexo-theme-lite,5,136,Lite,30
https://github.com/xaoxuu/hexo-theme-material-x,16,429,Material-X,144
https://github.com/theme-materialized/hexo-theme-materialized,1,12,Materialized,5
https://github.com/zhaobao/hexo-theme-line,1,6,Line,4
https://github.com/klugjo/hexo-theme-magnetic,5,125,Magnetic,44
https://github.com/carlos-algms/hexo-theme-materialize,1,37,Materialize,14
https://github.com/F0r3at/Lights/,1,4,Lights,0
https://github.com/WeicMa/Hexo-Theme-Life,1,34,Life,10
https://github.com/BosenY/Lap,1,13,Lap,2
https://github.com/wizardforcel/hexo-theme-landfarz,3,24,LandFarZ,18
https://github.com/wisp-x/hexo-theme-july,1,0,July,0
https://github.com/pinggod/hexo-theme-jekyll,9,95,Jekyll,39
https://github.com/viosey/hexo-theme-material,91,3825,Material,580
https://github.com/hilanmiao/hexo-theme-lanmiao,0,14,LanMiao,5
https://github.com/wuchong/jacman,48,1003,Jacman,373
https://github.com/BoizZ/hexo-theme-laughing,7,182,Laughing,29
https://github.com/GGICE/hexo-icer,1,16,Icer,4
https://github.com/tangkunyin/hexo-theme-jsimple,8,200,JSimple,68
https://github.com/farnaziifz/hive-hexo,1,10,Hive,0
https://github.com/Kaijun/hexo-theme-huxblog,20,589,Huxblog,123
https://github.com/iTimeTraveler/hexo-theme-hipaper,9,170,Hipaper,64
https://github.com/ppoffice/hexo-theme-icarus,70,3167,Icarus,980
https://github.com/huan555/lemon-lime,1,17,Lemon-Lime,5
https://github.com/iTimeTraveler/hexo-theme-hiker,13,315,Hiker,75
https://github.com/ppoffice/hexo-theme-hueman,43,1037,Hueman,342
https://github.com/claymcleod/hexo-theme-hermes,0,4,Hermes,527
https://github.com/sira313/hexo-theme-griddy,0,16,Griddy,7
https://github.com/CodeDaraW/Hacker,25,446,Hacker,110
https://github.com/iTimeTraveler/hexo-theme-hiero,9,195,Hiero,141
https://github.com/elmorec/hexo-theme-inside,5,297,Inside,69
https://github.com/MikeCoder/hexo-theme-Gandalfr,2,27,Gandalfr,12
https://github.com/blackshow/hexo-theme-freemind.386,9,144,Freemind.386,43
https://github.com/Ares-X/hexo-theme-freemind.bithack,1,1,Freemind.bithack,0
https://github.com/chrisjlee/hexo-theme-zurb-foundation,1,19,Foundation,7
https://github.com/fluid-dev/hexo-theme-fluid,7,362,Fluid,91
https://github.com/geektutu/hexo-theme-geektutu,4,73,Geektutu,9
https://github.com/wzpan/hexo-theme-freemind,22,359,Freemind,142
https://github.com/sjaakvandenberg/flexy,4,93,Flexy,36
https://github.com/RandomAdversary/Gradient,2,26,Gradient,8
https://github.com/fan-lv/Fan,3,71,Fan,21
https://github.com/devgexx/goyangin,1,9,Goyangin,2
https://github.com/ahonn/hexo-theme-even,28,1130,Even,197
https://github.com/varctrl/hexo-theme-empty-light,0,1,Empty-Light,0
https://github.com/rudy-yuan/free2mind,3,16,Free2mind,7
https://github.com/Fechin/hexo-theme-diaspora,7,686,Diaspora,179
https://github.com/sharvaridesai/hexo-theme-edinburgh,13,240,Edinburgh,55
https://github.com/artchen/hexo-theme-element,3,73,Element,18
https://github.com/codermarcos/dev-dark-theme,3,23,Dev Dark,4
https://github.com/GallenHu/hexo-theme-Daily,10,240,Daily,46
https://github.com/crispgm/resume/tree/master/port-hexo,7,107,Crisp-Minimal-Resume,30
https://github.com/ptsteadman/hexo-theme-corporate,13,158,Corporate,60
https://github.com/wizardforcel/hexo-theme-cyanstyle,4,90,CyanStyle,45
https://github.com/Longlongyu/hexo-theme-Cxo,5,95,Cxo,26
https://github.com/cspp01/concise,2,8,Conci,3
https://github.com/littleee/corazon,0,6,Corazon,0
https://github.com/esappear/hexo-theme-clover,4,130,Clover,28
https://github.com/mkkhedawat/clexy,2,43,Clexy,15
https://github.com/Sanonz/hexo-theme-concise,7,106,Concise-theme,29
https://github.com/fuzhouxxdong/hexo-theme-dxx,2,45,Dxx,12
https://github.com/Kexin-Li/hexo-theme-cicada,2,15,Cicada,2
https://github.com/Simlesos/hexo-theme-chord,2,13,Chord,5
https://github.com/Siricee/hexo-theme-Chic,1,202,Chic,54
https://github.com/klugjo/hexo-theme-clean-blog,11,333,CleanBlog,122
https://github.com/stunstunstun/hexo-theme-chiangmai,2,21,Chiangmai,7
https://github.com/Haojen/hexo-theme-Claudia,5,226,Claudia,46
https://github.com/giscafer/hexo-theme-cafe,7,199,Cafe,57
https://github.com/gabithume/cactus-light,2,66,Cactus Light,461
https://github.com/probberechts/hexo-theme-cactus,30,1478,Cactus,461
https://github.com/denjones/hexo-theme-chan,7,142,Chan,64
https://github.com/sergodeeva/cactus-white,0,49,Cactus White,461
https://github.com/kaiiiz/hexo-theme-book,4,53,Book,9
https://github.com/jerryc127/hexo-theme-butterfly,13,406,Butterfly,98
https://github.com/dongyuanxin/theme-bmw,5,375,BMW,49
https://github.com/cgmartin/hexo-theme-bootstrap-blog,8,103,Bootstrap-Blog,331
https://github.com/chaooo/hexo-theme-BlueLake,20,287,BlueLake,114
https://github.com/FrontendSophie/hexo-theme-autumn,1,75,Autumn,8
https://github.com/YenYuHsuan/hexo-theme-beantech/,6,376,BeanTech,95
https://github.com/pinggod/hexo-theme-apollo,45,1717,Apollo,527
https://github.com/shenliyang/hexo-theme-snippet,21,917,Asnippet,198
https://github.com/klugjo/hexo-theme-anodyne,4,128,Anodyne,38
https://github.com/Sariay/hexo-theme-Annie,7,326,Annie,80
https://github.com/fi3ework/hexo-theme-archer,21,951,Archer,204
https://github.com/AlynxZhou/hexo-theme-aria,6,139,ARIA,51
https://github.com/yiluyanxia/hexo-theme-antiquity,2,88,ANTIQUITY,22
https://github.com/shixiaohu2206/hexo-theme-huhu,0,51,A-Huhu,15
https://github.com/dongyuanxin/theme-ad,10,247,AD,48
https://github.com/dusign/hexo-theme-snail,4,22,A-Snail,11
https://github.com/huyingjie/hexo-theme-A-RSnippet,3,61,A-RSnippet,25
https://github.com/huweihuang/hexo-theme-huweihuang,1,217,A-Boy,103
https://github.com/Shen-Yu/hexo-theme-ayer,4,75,A-Ayer,24
https://github.com/TriDiamond/hexo-theme-obsidian,7,149,A-Obsidian,41
https://github.com/kinggozhang/hexo-theme-ace,1,40,A-ACE,6
